<NotepadPlus>
    <UserLang name="SIMATIC S7 SCL" ext="scl" udlVersion="2.1">
        <Settings>
            <Global caseIgnored="yes" allowFoldOfComments="yes" foldCompact="yes" forcePureLC="0" decimalSeparator="0" />
            <Prefix Keywords1="no" Keywords2="no" Keywords3="no" Keywords4="yes" Keywords5="no" Keywords6="no" Keywords7="no" Keywords8="yes" />
        </Settings>
        <KeywordLists>
            <Keywords name="Comments">00// 01 02 03(* 03/* 03(/* 04*) 04*/ 04*/)</Keywords>
            <Keywords name="Numbers, prefix1"></Keywords>
            <Keywords name="Numbers, prefix2"></Keywords>
            <Keywords name="Numbers, extras1"></Keywords>
            <Keywords name="Numbers, extras2"></Keywords>
            <Keywords name="Numbers, suffix1"></Keywords>
            <Keywords name="Numbers, suffix2"></Keywords>
            <Keywords name="Numbers, range"></Keywords>
            <Keywords name="Operators1">:= == = + - &quot; ( ) [ ] { } \ / ^ * , : ; ? ** &amp; &gt; &lt; &lt;&gt; &lt;= &gt;=</Keywords>
            <Keywords name="Operators2">:= == = + - &quot; ( ) [ ] { } \ / ^ * , : ; ? ** &amp; &gt; &lt; &lt;&gt; &lt;= &gt;=</Keywords>
            <Keywords name="Folders in code1, open">REGION STEP</Keywords>
            <Keywords name="Folders in code1, middle"></Keywords>
            <Keywords name="Folders in code1, close">END_REGION END_STEP</Keywords>
            <Keywords name="Folders in code2, open">IF CASE FOR WHILE REPEAT STRUCT var_global VAR_INPUT VAR_OUTPUT var_out VAR_IN_OUT VAR VAR_TEMP &quot;VAR CONSTANT&quot; VAR_EXTERNAL var_interval var_access var_config DATA_BLOCK TYPE FUNCTION_BLOCK FUNCTION ORGANIZATION_BLOCK PROGRAM BEGIN initial_step program configuration action transition namespace channel library folder resource method property interface</Keywords>
            <Keywords name="Folders in code2, middle">ELSE ELSIF then</Keywords>
            <Keywords name="Folders in code2, close">END_IF END_IF; END_CASE END_CASE; END_FOR END_FOR; END_WHILE END_WHILE; END_REPEAT END_REPEAT; END_STRUCT END_VAR END_CONST END_DATA_BLOCK END_TYPE END_FUNCTION_BLOCK END_FUNCTION END_ORGANIZATION_BLOCK END_PROGRAM end_step end_program end_configuration end_action end_transition end_namespace end_channel end_library end_folder end_resource end_method end_property end_interface</Keywords>
            <Keywords name="Folders in comment, open"></Keywords>
            <Keywords name="Folders in comment, middle"></Keywords>
            <Keywords name="Folders in comment, close"></Keywords>
            <Keywords name="Keywords1">OK EN ENO NIL RETURN RET_VAL VOID TO DO BY UNTIL THEN of from CONTINUE EXIT COUNTEREN GOTO LABEL END_LABEL AT BLOCK_DB BLOCK_FB BLOCK_FC BLOCK_SDBOF retain non_retain task with using extend</Keywords>
            <Keywords name="Keywords2">MOD DIV add mul sub ABS SQR SQRT EXP EXPD expt LN LOG ACOS ASIN ATAN COS SIN TAN ROUND TRUNC ROL ROR SHL SHR LEN CONCAT LEFT RIGHT MID INSERT DELETE REPLACE FIND EQ_STRNG NE_STRNG GE_STRNG LE_STRNG GT_STRNG LT_STRNG SEL MAX MIN LIMIT MUX TIMER indexof sizeof adr ref adrinst bitadr trunc move MOVE_BLK_VARIANT MOVE_BLK LOWER_BOUND UPPER_BOUND ARR DIM CountOfElements TypeOf TypeOfElements IS_ARRAY Serialize Deserialize run</Keywords>
            <Keywords name="Keywords3">AND OR XOR NOT le ge eq ne ge lt public private protected</Keywords>
            <Keywords name="Keywords4">BCD_TO_ BLOCK_DB_TO_ BYTE_BCD_TO_ WORD_BCD_TO_ DWORD_BCD_TO_ LWORD_BCD_TO_ BOOL_TO_ BYTE_TO_ CHAR_TO_ SINT_ZO_ USINT_TO_ WORD_TO_ WCHAR_TO_ INT_TO_ UINT_TO_ DWORD_TO_ DINT_TO_ UDINT_TO_ LWORD_TO_ LINT_TO_ ULINT_TO_ REAL_TO_ LREAL_TO_ STRING_TO_ WSTRING_TO_ DATE_TO_ DT_TO_ DTL_TO_ LDT_TO_ DATE_AND_TIME_TO_ TIME_TO_ TOD_TO_ TIME_OF_DAY_TO_ S5TIME_TO_</Keywords>
            <Keywords name="Keywords5">A Q PT IN AB QB AD QD AW QW AX QX D D DB DD DW DX E I EB IB ED ID EW IW EX IX M MB MD MW MX PAB PQB PAD PQD PAW PQW PEB PIB PED PID PEW PIW FB FC OB SDB SFC SFB T UDT Z C N&#x000D;&#x000A;SRC_INDEX SRC COUNT DEST_INDEX DEST SRC_VARIABLE DEST_ARRAY POS REQ Name Offset Length Data SRC_ARRAY DEST_VARIABLE RESULT CONNECT EN_R</Keywords>
            <Keywords name="Keywords6">TITLE VERSION KNOW_HOW_PROTECT AUTHOR FAMILY</Keywords>
            <Keywords name="Keywords7">Variant ANY ref_to any_num any_int any_string db_any POINTER ARRAY BOOL Bool BYTE WORD Word DWORD DWord LWORD LWord USInt SInt UInt Int UDInt DInt ULInt LInt REAL LREAL LReal CHAR Char WCHAR WChar String STRING WSTRING DATE DT DTL DATE_AND_TIME TOD S5TIME TIME TIME_OF_DAY LDT cycle CYCLES</Keywords>
            <Keywords name="Keywords8">TRUE FALSE B# W# DW# LW# 2# 10# 16# SINT# USINT# INT# UINT# DINT# UDINT# LINT# ULINT# TOD# REAL# LREAL# STRING# WSTRING# CHAR# WCHAR# LDT#</Keywords>
            <Keywords name="Delimiters">00&apos; 01 02&apos; 03&quot; 04 05&quot; 06 07 08 09 10 11 12 13 14 15 16 17 18 19 20 21 22 23</Keywords>
        </KeywordLists>
        <Styles>
            <WordsStyle name="DEFAULT" fgColor="000000" bgColor="FFFFFF" fontName="docPeekOnTab" fontStyle="0" fontSize="10" nesting="0" />
            <WordsStyle name="COMMENTS" fgColor="008000" bgColor="FFFFFF" fontName="0" fontStyle="0" nesting="0" />
            <WordsStyle name="LINE COMMENTS" fgColor="008000" bgColor="FFFFFF" fontName="0" fontStyle="0" nesting="0" />
            <WordsStyle name="NUMBERS" fgColor="FF8000" bgColor="FFFFFF" fontName="0" fontStyle="0" nesting="0" />
            <WordsStyle name="KEYWORDS1" fgColor="0000FF" bgColor="FFFFFF" fontName="0" fontStyle="1" nesting="0" />
            <WordsStyle name="KEYWORDS2" fgColor="800040" bgColor="FFFFFF" fontName="&#x3228;&#x07EF;" fontStyle="1" nesting="0" />
            <WordsStyle name="KEYWORDS3" fgColor="FF0080" bgColor="FFFFFF" fontName="&#xE6C8;&#x07FF;&#x0005;" fontStyle="1" nesting="0" />
            <WordsStyle name="KEYWORDS4" fgColor="800080" bgColor="FFFFFF" fontName="&#xD908;&#x0128;&#x1DEE;&#x7013;&#x3A50;&#x07EF;&#x0002;" fontStyle="1" nesting="0" />
            <WordsStyle name="KEYWORDS5" fgColor="800040" bgColor="FFFFFF" fontName="&#x0015;" fontStyle="0" nesting="0" />
            <WordsStyle name="KEYWORDS6" fgColor="FF0080" bgColor="FFFFFF" fontName="&#xEF92;&#x7013;&#x0005;" fontStyle="0" nesting="0" />
            <WordsStyle name="KEYWORDS7" fgColor="0000FF" bgColor="FFFFFF" fontName="&#xC0D8;&#x038B;&#x0001;&#x7564;&#x0012;" fontStyle="0" nesting="0" />
            <WordsStyle name="KEYWORDS8" fgColor="FF8000" bgColor="FFFFFF" fontName="&#x001E;" fontStyle="0" nesting="0" />
            <WordsStyle name="OPERATORS" fgColor="FF0080" bgColor="FFFFFF" fontName="&#x4BB8;&#x07DF;&#x0001; &#x0011;" fontStyle="1" nesting="0" />
            <WordsStyle name="FOLDER IN CODE1" fgColor="800040" bgColor="FFFFFF" fontName="&#xD068;&#x07DB;&#x0003;" fontStyle="3" nesting="0" />
            <WordsStyle name="FOLDER IN CODE2" fgColor="0000FF" bgColor="FFFFFF" fontName="&#x0001;" fontStyle="1" nesting="0" />
            <WordsStyle name="FOLDER IN COMMENT" fgColor="000000" bgColor="FFFFFF" fontName="" fontStyle="0" nesting="0" />
            <WordsStyle name="DELIMITERS1" fgColor="0000A0" bgColor="FFFFFF" fontName="no" fontStyle="0" nesting="0" />
            <WordsStyle name="DELIMITERS2" fgColor="FF00FF" bgColor="FFFFFF" fontName="&#x3F18;&#x07EE;&#x000A;" fontStyle="0" nesting="0" />
            <WordsStyle name="DELIMITERS3" fgColor="000000" bgColor="FFFFFF" fontName="&#xAA38;&#x07E2;&#x4B5C;&#x8000;" fontStyle="0" nesting="0" />
            <WordsStyle name="DELIMITERS4" fgColor="000000" bgColor="FFFFFF" fontName="600" fontStyle="0" nesting="0" />
            <WordsStyle name="DELIMITERS5" fgColor="000000" bgColor="FFFFFF" fontName="0" fontStyle="0" nesting="0" />
            <WordsStyle name="DELIMITERS6" fgColor="000000" bgColor="FFFFFF" fontName="yes" fontStyle="0" nesting="0" />
            <WordsStyle name="DELIMITERS7" fgColor="000000" bgColor="FFFFFF" fontName="show" fontStyle="0" nesting="0" />
            <WordsStyle name="DELIMITERS8" fgColor="000000" bgColor="FFFFFF" fontName="hide" fontStyle="0" nesting="0" />
        </Styles>
    </UserLang>
</NotepadPlus>
