﻿<?xml version='1.0' encoding='utf-8'?>
<!--exported by  'TIA Portal Test Suite Advanced' Version  19.00.00.00     © 2022-2023  Siemens AG  - all rights reserved-->
<RuleSets Version='19.00.00.00'>
  <RuleSet Name='SiemensProgrammingStyleGuide'>
    <Property>
      <PropertyAttribute Name='Author' Value='SiemensAG' />
      <PropertyAttribute Name='Version' Value='2.01' />
      <PropertyAttribute Name='Comment' Value='The basis for this rule set is the Version 2.0 of "Programming style guide for SIMATIC S7-1200/ S7-1500" (https://support.industry.siemens.com/cs/ww/de/view/81318674)' />
    </Property>
    <Rules>
      <Rule Name='NF001: Plural naming for array identifiers' Type='PrefixSuffixRule' Enabled='True'>
        <RuleAttribute Name='ObjectSelector' Value='CodeBlock_FB_FC_OB' />
        <RuleAttribute Name='Target' Value='TargetName' />
        <RuleAttribute Name='Category' Value='Warning' />
        <RuleAttribute Name='Comment' Value='Rule: Is the identifier a name for an Array, then the name uses the plural. Non-countable nouns remain in their singular form ("data", "information", "content", "management").' />
        <RuleAttribute Name='Context' Value='EndsWith' />
        <RuleAttribute Name='ViolationCondition' Value='IsNotEqual' />
        <RuleAttribute Name='Value' Value='s' />
        <RuleAttribute Name='MatchType' Value='CaseInsensitive' />
        <AdditionalProperties>
          <AdditionalProperty Name='MemberType'>
            <AdditionalPropertyAttribute Name='Operator' Value='IsEqual' />
            <AdditionalPropertyAttribute Name='Value' Value='Array' />
          </AdditionalProperty>
        </AdditionalProperties>
      </Rule>
      <Rule Name='NF002: Comment for Code block' Type='MetaDataRule' Enabled='True'>
        <RuleAttribute Name='ObjectSelector' Value='CodeBlock_FB_FC_OB' />
        <RuleAttribute Name='Target' Value='TargetProperty' />
        <RuleAttribute Name='Category' Value='Error' />
        <RuleAttribute Name='Comment' Value='Rule: Comment and property fields shall be used and filled with meaningful comments and information. Please refer to the programming style guide: https://support.industry.siemens.com/cs/ww/en/view/81318674' />
        <RuleAttribute Name='Property' Value='Comment' />
        <RuleAttribute Name='ViolationCondition' Value='NotExist' />
        <RuleAttribute Name='Value' Value='' />
      </Rule>
      <Rule Name='NF002: Comment for PLC data type' Type='MetaDataRule' Enabled='True'>
        <RuleAttribute Name='ObjectSelector' Value='PLCDataType' />
        <RuleAttribute Name='Target' Value='TargetProperty' />
        <RuleAttribute Name='Category' Value='Error' />
        <RuleAttribute Name='Comment' Value='Rule: Comment and property fields shall be used and filled with meaningful comments and information. Please refer to the programming style guide: https://support.industry.siemens.com/cs/ww/en/view/81318674' />
        <RuleAttribute Name='Property' Value='Comment' />
        <RuleAttribute Name='ViolationCondition' Value='NotExist' />
        <RuleAttribute Name='Value' Value='' />
      </Rule>
      <Rule Name='NF002: Comment for Global DB' Type='MetaDataRule' Enabled='True'>
        <RuleAttribute Name='ObjectSelector' Value='GlobalDataBlock' />
        <RuleAttribute Name='Target' Value='TargetProperty' />
        <RuleAttribute Name='Category' Value='Error' />
        <RuleAttribute Name='Comment' Value='Rule: Comment and property fields shall be used and filled with meaningful comments and information. Please refer to the programming style guide: https://support.industry.siemens.com/cs/ww/en/view/81318674' />
        <RuleAttribute Name='Property' Value='Comment' />
        <RuleAttribute Name='ViolationCondition' Value='NotExist' />
        <RuleAttribute Name='Value' Value='' />
      </Rule>
      <Rule Name='NF002: Comment for Instance DB' Type='MetaDataRule' Enabled='True'>
        <RuleAttribute Name='ObjectSelector' Value='InstanceDataBlock' />
        <RuleAttribute Name='Target' Value='TargetProperty' />
        <RuleAttribute Name='Category' Value='Error' />
        <RuleAttribute Name='Comment' Value='Rule: Comment and property fields shall be used and filled with meaningful comments and information. Please refer to the programming style guide: https://support.industry.siemens.com/cs/ww/en/view/81318674' />
        <RuleAttribute Name='Property' Value='Comment' />
        <RuleAttribute Name='ViolationCondition' Value='NotExist' />
        <RuleAttribute Name='Value' Value='' />
      </Rule>
      <Rule Name='NF002: Title for Code block' Type='MetaDataRule' Enabled='True'>
        <RuleAttribute Name='ObjectSelector' Value='CodeBlock_FB_FC_OB' />
        <RuleAttribute Name='Target' Value='TargetProperty' />
        <RuleAttribute Name='Category' Value='Error' />
        <RuleAttribute Name='Comment' Value='Rule: Comment and property fields shall be used and filled with meaningful comments and information. Please refer to the programming style guide: https://support.industry.siemens.com/cs/ww/en/view/81318674' />
        <RuleAttribute Name='Property' Value='Title' />
        <RuleAttribute Name='ViolationCondition' Value='NotExist' />
        <RuleAttribute Name='Value' Value='' />
      </Rule>
      <Rule Name='NF002: Title for PLC data type' Type='MetaDataRule' Enabled='True'>
        <RuleAttribute Name='ObjectSelector' Value='PLCDataType' />
        <RuleAttribute Name='Target' Value='TargetProperty' />
        <RuleAttribute Name='Category' Value='Error' />
        <RuleAttribute Name='Comment' Value='Rule: Comment and property fields shall be used and filled with meaningful comments and information. Please refer to the programming style guide: https://support.industry.siemens.com/cs/ww/en/view/81318674' />
        <RuleAttribute Name='Property' Value='Title' />
        <RuleAttribute Name='ViolationCondition' Value='NotExist' />
        <RuleAttribute Name='Value' Value='' />
      </Rule>
      <Rule Name='NF002: Title for Global DB' Type='MetaDataRule' Enabled='True'>
        <RuleAttribute Name='ObjectSelector' Value='GlobalDataBlock' />
        <RuleAttribute Name='Target' Value='TargetProperty' />
        <RuleAttribute Name='Category' Value='Error' />
        <RuleAttribute Name='Comment' Value='Rule: Comment and property fields shall be used and filled with meaningful comments and information. Please refer to the programming style guide: https://support.industry.siemens.com/cs/ww/en/view/81318674' />
        <RuleAttribute Name='Property' Value='Title' />
        <RuleAttribute Name='ViolationCondition' Value='NotExist' />
        <RuleAttribute Name='Value' Value='' />
      </Rule>
      <Rule Name='NF002: Title for Instance DB' Type='MetaDataRule' Enabled='True'>
        <RuleAttribute Name='ObjectSelector' Value='InstanceDataBlock' />
        <RuleAttribute Name='Target' Value='TargetProperty' />
        <RuleAttribute Name='Category' Value='Error' />
        <RuleAttribute Name='Comment' Value='Rule: Comment and property fields shall be used and filled with meaningful comments and information. Please refer to the programming style guide: https://support.industry.siemens.com/cs/ww/en/view/81318674' />
        <RuleAttribute Name='Property' Value='Title' />
        <RuleAttribute Name='ViolationCondition' Value='NotExist' />
        <RuleAttribute Name='Value' Value='' />
      </Rule>
      <Rule Name='NF002: Author for Code block' Type='MetaDataRule' Enabled='True'>
        <RuleAttribute Name='ObjectSelector' Value='CodeBlock_FB_FC_OB' />
        <RuleAttribute Name='Target' Value='TargetProperty' />
        <RuleAttribute Name='Category' Value='Error' />
        <RuleAttribute Name='Comment' Value='Rule: Comment and property fields shall be used and filled with meaningful comments and information. Please refer to the programming style guide: https://support.industry.siemens.com/cs/ww/en/view/81318674' />
        <RuleAttribute Name='Property' Value='Author' />
        <RuleAttribute Name='ViolationCondition' Value='NotExist' />
        <RuleAttribute Name='Value' Value='' />
      </Rule>
      <Rule Name='NF002: Author for Global DB' Type='MetaDataRule' Enabled='True'>
        <RuleAttribute Name='ObjectSelector' Value='GlobalDataBlock' />
        <RuleAttribute Name='Target' Value='TargetProperty' />
        <RuleAttribute Name='Category' Value='Error' />
        <RuleAttribute Name='Comment' Value='Rule: Comment and property fields shall be used and filled with meaningful comments and information. Please refer to the programming style guide: https://support.industry.siemens.com/cs/ww/en/view/81318674' />
        <RuleAttribute Name='Property' Value='Author' />
        <RuleAttribute Name='ViolationCondition' Value='NotExist' />
        <RuleAttribute Name='Value' Value='' />
      </Rule>
      <Rule Name='NF004: Library prefix "L&lt;Name&gt;_" for Code block' Type='PrefixSuffixRule' Enabled='True'>
        <RuleAttribute Name='ObjectSelector' Value='CodeBlock_FB_FC_OB' />
        <RuleAttribute Name='Target' Value='TargetName' />
        <RuleAttribute Name='Category' Value='Error' />
        <RuleAttribute Name='Comment' Value='Rule: The identifier of a library starts with the prefix L and is followed by a maximum of seven characters as the name (e.g. LGF). All types and master copies contained in the library get the identifier of the library.' />
        <RuleAttribute Name='Context' Value='StartsWith' />
        <RuleAttribute Name='ViolationCondition' Value='IsNotEqual' />
        <RuleAttribute Name='Value' Value='L&lt;Name&gt;_' />
        <RuleAttribute Name='MatchType' Value='CaseSensitive' />
        <AdditionalProperties>
          <AdditionalProperty Name='BlockType'>
            <AdditionalPropertyAttribute Name='Operator' Value='IsEqual' />
            <AdditionalPropertyAttribute Name='Value' Value='LibraryType' />
          </AdditionalProperty>
        </AdditionalProperties>
      </Rule>
      <Rule Name='NF004: Library prefix "L&lt;Name&gt;_" for PLC data type' Type='PrefixSuffixRule' Enabled='True'>
        <RuleAttribute Name='ObjectSelector' Value='PLCDataType' />
        <RuleAttribute Name='Target' Value='TargetName' />
        <RuleAttribute Name='Category' Value='Error' />
        <RuleAttribute Name='Comment' Value='Rule: The identifier of a library starts with the prefix L and is followed by a maximum of seven characters as the name (e.g. LGF). All types and master copies contained in the library get the identifier of the library.' />
        <RuleAttribute Name='Context' Value='StartsWith' />
        <RuleAttribute Name='ViolationCondition' Value='IsNotEqual' />
        <RuleAttribute Name='Value' Value='L&lt;Name&gt;_' />
        <RuleAttribute Name='MatchType' Value='CaseSensitive' />
        <AdditionalProperties>
          <AdditionalProperty Name='BlockType'>
            <AdditionalPropertyAttribute Name='Operator' Value='IsEqual' />
            <AdditionalPropertyAttribute Name='Value' Value='LibraryType' />
          </AdditionalProperty>
        </AdditionalProperties>
      </Rule>
      <Rule Name='NF005: PascalCasing for Instance DB' Type='CasingRule' Enabled='True'>
        <RuleAttribute Name='ObjectSelector' Value='InstanceDataBlock' />
        <RuleAttribute Name='Target' Value='TargetName' />
        <RuleAttribute Name='Category' Value='Error' />
        <RuleAttribute Name='Comment' Value='Rule: Identifiers for Instance DBs are written using PascalCasing (e.g. InstConveyorFeed).' />
        <RuleAttribute Name='Casing' Value='PascalCasing' />
        <RuleAttribute Name='ViolationCondition' Value='IsNotSet' />
      </Rule>
      <Rule Name='NF005: PascalCasing for Code block' Type='CasingRule' Enabled='True'>
        <RuleAttribute Name='ObjectSelector' Value='CodeBlock_FB_FC_OB' />
        <RuleAttribute Name='Target' Value='TargetName' />
        <RuleAttribute Name='Category' Value='Error' />
        <RuleAttribute Name='Comment' Value='Rule: Identifiers for Code block are written using PascalCasing (e.g. GetAxisData). Library types must carry a Prefix (see NF004) and cannot be verified using this rules.' />
        <RuleAttribute Name='Casing' Value='PascalCasing' />
        <RuleAttribute Name='ViolationCondition' Value='IsNotSet' />
        <AdditionalProperties>
          <AdditionalProperty Name='BlockType'>
            <AdditionalPropertyAttribute Name='Operator' Value='IsNotEqual' />
            <AdditionalPropertyAttribute Name='Value' Value='LibraryType' />
          </AdditionalProperty>
        </AdditionalProperties>
      </Rule>
      <Rule Name='NF005: PascalCasing for Global DB' Type='CasingRule' Enabled='True'>
        <RuleAttribute Name='ObjectSelector' Value='GlobalDataBlock' />
        <RuleAttribute Name='Target' Value='TargetName' />
        <RuleAttribute Name='Category' Value='Error' />
        <RuleAttribute Name='Comment' Value='Rule: Identifiers for Global DBs are written using PascalCasing (e.g. MachineParameter).' />
        <RuleAttribute Name='Casing' Value='PascalCasing' />
        <RuleAttribute Name='ViolationCondition' Value='IsNotSet' />
      </Rule>
      <Rule Name='NF005: PascalCasing for PLC tag table' Type='CasingRule' Enabled='True'>
        <RuleAttribute Name='ObjectSelector' Value='PLCTagTable' />
        <RuleAttribute Name='Target' Value='TargetName' />
        <RuleAttribute Name='Category' Value='Error' />
        <RuleAttribute Name='Comment' Value='Rule: Identifiers for PLC tag tables are written using PascalCasing (e.g. ConveyorProcess).  ' />
        <RuleAttribute Name='Casing' Value='PascalCasing' />
        <RuleAttribute Name='ViolationCondition' Value='IsNotSet' />
      </Rule>
      <Rule Name='NF006: camelCasing for PLC data type' Type='CasingRule' Enabled='True'>
        <RuleAttribute Name='ObjectSelector' Value='PLCDataType' />
        <RuleAttribute Name='Target' Value='TargetName' />
        <RuleAttribute Name='Category' Value='Error' />
        <RuleAttribute Name='Comment' Value='Rule: Identifiers for PLC data types are written using camelCasing. Library types must carry a Prefix (see NF004) and cannot be verified using this rules.' />
        <RuleAttribute Name='Casing' Value='CamelCasing' />
        <RuleAttribute Name='ViolationCondition' Value='IsNotSet' />
        <AdditionalProperties>
          <AdditionalProperty Name='BlockType'>
            <AdditionalPropertyAttribute Name='Operator' Value='IsNotEqual' />
            <AdditionalPropertyAttribute Name='Value' Value='LibraryType' />
          </AdditionalProperty>
        </AdditionalProperties>
      </Rule>
      <Rule Name='NF006: camelCasing for Data type member' Type='CasingRule' Enabled='True'>
        <RuleAttribute Name='ObjectSelector' Value='PLCDataType_Member' />
        <RuleAttribute Name='Target' Value='TargetName' />
        <RuleAttribute Name='Category' Value='Error' />
        <RuleAttribute Name='Comment' Value='Rule: Identifiers for code elements are written using camelCasing.' />
        <RuleAttribute Name='Casing' Value='CamelCasing' />
        <RuleAttribute Name='ViolationCondition' Value='IsNotSet' />
      </Rule>
      <Rule Name='NF006: camelCasing for Global DB member' Type='CasingRule' Enabled='True'>
        <RuleAttribute Name='ObjectSelector' Value='GlobalDataBlock_Static' />
        <RuleAttribute Name='Target' Value='TargetName' />
        <RuleAttribute Name='Category' Value='Error' />
        <RuleAttribute Name='Comment' Value='Rule: Identifiers for code elements are written using camelCasing.' />
        <RuleAttribute Name='Casing' Value='CamelCasing' />
        <RuleAttribute Name='ViolationCondition' Value='IsNotSet' />
      </Rule>
      <Rule Name='NF006: camelCasing for In, Out, InOut' Type='CasingRule' Enabled='True'>
        <RuleAttribute Name='ObjectSelector' Value='CodeBlock_Interface_Input_Output_InOut' />
        <RuleAttribute Name='Target' Value='TargetName' />
        <RuleAttribute Name='Category' Value='Error' />
        <RuleAttribute Name='Comment' Value='Rule: Identifiers for parameters are written using camelCasing.' />
        <RuleAttribute Name='Casing' Value='CamelCasing' />
        <RuleAttribute Name='ViolationCondition' Value='IsNotSet' />
      </Rule>
      <Rule Name='NF006: camelCasing for Static' Type='CasingRule' Enabled='True'>
        <RuleAttribute Name='ObjectSelector' Value='CodeBlock_Interface_Static' />
        <RuleAttribute Name='Target' Value='TargetName' />
        <RuleAttribute Name='Category' Value='Error' />
        <RuleAttribute Name='Comment' Value='Rule: Identifiers for variables are written using camelCasing.' />
        <RuleAttribute Name='Casing' Value='CamelCasing' />
        <RuleAttribute Name='ViolationCondition' Value='IsNotSet' />
      </Rule>
      <Rule Name='NF006: camelCasing for Temp' Type='CasingRule' Enabled='True'>
        <RuleAttribute Name='ObjectSelector' Value='CodeBlock_Interface_Temp' />
        <RuleAttribute Name='Target' Value='TargetName' />
        <RuleAttribute Name='Category' Value='Error' />
        <RuleAttribute Name='Comment' Value='Rule: Identifiers for variables are written using camelCasing.' />
        <RuleAttribute Name='Casing' Value='CamelCasing' />
        <RuleAttribute Name='ViolationCondition' Value='IsNotSet' />
      </Rule>
      <Rule Name='NF006: camelCasing for PLC tag' Type='CasingRule' Enabled='True'>
        <RuleAttribute Name='ObjectSelector' Value='PLCTagTable_Tags' />
        <RuleAttribute Name='Target' Value='TargetName' />
        <RuleAttribute Name='Category' Value='Error' />
        <RuleAttribute Name='Comment' Value='Rule: Identifiers for PLC tags are written using camelCasing.' />
        <RuleAttribute Name='Casing' Value='CamelCasing' />
        <RuleAttribute Name='ViolationCondition' Value='IsNotSet' />
      </Rule>
      <Rule Name='NF007: No prefix for Constant' Type='PrefixSuffixRule' Enabled='True'>
        <RuleAttribute Name='ObjectSelector' Value='CodeBlock_Interface_Constant' />
        <RuleAttribute Name='Target' Value='TargetName' />
        <RuleAttribute Name='Category' Value='Error' />
        <RuleAttribute Name='Comment' Value='Rule: User constants do not get a prefix because UPPER_CASING already identifies them as constants.' />
        <RuleAttribute Name='Context' Value='StartsWith' />
        <RuleAttribute Name='ViolationCondition' Value='IsEqual' />
        <RuleAttribute Name='Value' Value='CONST' />
        <RuleAttribute Name='MatchType' Value='CaseSensitive' />
      </Rule>
      <Rule Name='NF007: No prefix for PLC data type member' Type='PrefixSuffixRule' Enabled='True'>
        <RuleAttribute Name='ObjectSelector' Value='PLCDataType_Member' />
        <RuleAttribute Name='Target' Value='TargetName' />
        <RuleAttribute Name='Category' Value='Error' />
        <RuleAttribute Name='Comment' Value='Rule: The individual elements inside a PLC data type do not get a prefix. ' />
        <RuleAttribute Name='Context' Value='StartsWith' />
        <RuleAttribute Name='ViolationCondition' Value='IsEqual' />
        <RuleAttribute Name='Value' Value='type' />
        <RuleAttribute Name='MatchType' Value='CaseSensitive' />
      </Rule>
      <Rule Name='NF007: No prefix for Global DB' Type='PrefixSuffixRule' Enabled='True'>
        <RuleAttribute Name='ObjectSelector' Value='GlobalDataBlock' />
        <RuleAttribute Name='Target' Value='TargetName' />
        <RuleAttribute Name='Category' Value='Error' />
        <RuleAttribute Name='Comment' Value='Rule: Neither global DBs nor the contained elements get a prefix.' />
        <RuleAttribute Name='Context' Value='StartsWith' />
        <RuleAttribute Name='ViolationCondition' Value='IsEqual' />
        <RuleAttribute Name='Value' Value='Inst' />
        <RuleAttribute Name='MatchType' Value='CaseSensitive' />
      </Rule>
      <Rule Name='NF007: No prefix for Global DB member' Type='PrefixSuffixRule' Enabled='True'>
        <RuleAttribute Name='ObjectSelector' Value='GlobalDataBlock_Static' />
        <RuleAttribute Name='Target' Value='TargetName' />
        <RuleAttribute Name='Category' Value='Error' />
        <RuleAttribute Name='Comment' Value='Rule: Neither global DBs nor the contained elements get a prefix.' />
        <RuleAttribute Name='Context' Value='StartsWith' />
        <RuleAttribute Name='ViolationCondition' Value='IsEqual' />
        <RuleAttribute Name='Value' Value='stat' />
        <RuleAttribute Name='MatchType' Value='CaseSensitive' />
      </Rule>
      <Rule Name='NF007: No prefix for Input' Type='PrefixSuffixRule' Enabled='True'>
        <RuleAttribute Name='ObjectSelector' Value='CodeBlock_Interface_Input' />
        <RuleAttribute Name='Target' Value='TargetName' />
        <RuleAttribute Name='Category' Value='Error' />
        <RuleAttribute Name='Comment' Value='Rule: Formal parameters of blocks are used without prefixes.' />
        <RuleAttribute Name='Context' Value='StartsWith' />
        <RuleAttribute Name='ViolationCondition' Value='IsEqual' />
        <RuleAttribute Name='Value' Value='in' />
        <RuleAttribute Name='MatchType' Value='CaseSensitive' />
      </Rule>
      <Rule Name='NF007: No prefix for Output' Type='PrefixSuffixRule' Enabled='True'>
        <RuleAttribute Name='ObjectSelector' Value='CodeBlock_Interface_Output' />
        <RuleAttribute Name='Target' Value='TargetName' />
        <RuleAttribute Name='Category' Value='Error' />
        <RuleAttribute Name='Comment' Value='Rule: Formal parameters of blocks are used without prefixes.' />
        <RuleAttribute Name='Context' Value='StartsWith' />
        <RuleAttribute Name='ViolationCondition' Value='IsEqual' />
        <RuleAttribute Name='Value' Value='out' />
        <RuleAttribute Name='MatchType' Value='CaseSensitive' />
      </Rule>
      <Rule Name='NF007: No prefix for InOut' Type='PrefixSuffixRule' Enabled='True'>
        <RuleAttribute Name='ObjectSelector' Value='CodeBlock_Interface_InOut' />
        <RuleAttribute Name='Target' Value='TargetName' />
        <RuleAttribute Name='Category' Value='Error' />
        <RuleAttribute Name='Comment' Value='Rule: Formal parameters of blocks are used without prefixes.' />
        <RuleAttribute Name='Context' Value='StartsWith' />
        <RuleAttribute Name='ViolationCondition' Value='IsEqual' />
        <RuleAttribute Name='Value' Value='inOut' />
        <RuleAttribute Name='MatchType' Value='CaseSensitive' />
      </Rule>
      <Rule Name='NF007: No prefix for PLC tag table user constant' Type='PrefixSuffixRule' Enabled='True'>
        <RuleAttribute Name='ObjectSelector' Value='PLCTagTable_Constants' />
        <RuleAttribute Name='Target' Value='TargetName' />
        <RuleAttribute Name='Category' Value='Error' />
        <RuleAttribute Name='Comment' Value='Rule: User constants do not get a prefix because UPPER_CASING already identifies them as constants.' />
        <RuleAttribute Name='Context' Value='StartsWith' />
        <RuleAttribute Name='ViolationCondition' Value='IsEqual' />
        <RuleAttribute Name='Value' Value='CONST' />
        <RuleAttribute Name='MatchType' Value='CaseSensitive' />
      </Rule>
      <Rule Name='NF007: Prefix for PLC data type' Type='PrefixSuffixRule' Enabled='True'>
        <RuleAttribute Name='ObjectSelector' Value='PLCDataType' />
        <RuleAttribute Name='Target' Value='TargetName' />
        <RuleAttribute Name='Category' Value='Error' />
        <RuleAttribute Name='Comment' Value='Rule: A PLC data type gets the prefix “type” (e.g. typeDiagnostics). The individual elements inside the PLC data type do not get a prefix. ' />
        <RuleAttribute Name='Context' Value='StartsWith' />
        <RuleAttribute Name='ViolationCondition' Value='IsNotEqual' />
        <RuleAttribute Name='Value' Value='type' />
        <RuleAttribute Name='MatchType' Value='CaseSensitive' />
        <AdditionalProperties>
          <AdditionalProperty Name='BlockType'>
            <AdditionalPropertyAttribute Name='Operator' Value='IsNotEqual' />
            <AdditionalPropertyAttribute Name='Value' Value='LibraryType' />
          </AdditionalProperty>
        </AdditionalProperties>
      </Rule>
      <Rule Name='NF007: Prefix for PLC data type in Library "L&lt;Name&gt;_type"' Type='PrefixSuffixRule' Enabled='True'>
        <RuleAttribute Name='ObjectSelector' Value='PLCDataType' />
        <RuleAttribute Name='Target' Value='TargetName' />
        <RuleAttribute Name='Category' Value='Error' />
        <RuleAttribute Name='Comment' Value='Rule: A PLC data type in the library gets the prefix “L&lt;Name&gt;_type” (e.g. LBC_typeDiagnostics). The individual elements inside the PLC data type do not get a prefix. ' />
        <RuleAttribute Name='Context' Value='StartsWith' />
        <RuleAttribute Name='ViolationCondition' Value='IsNotEqual' />
        <RuleAttribute Name='Value' Value='L&lt;Name&gt;_type' />
        <RuleAttribute Name='MatchType' Value='CaseSensitive' />
        <AdditionalProperties>
          <AdditionalProperty Name='BlockType'>
            <AdditionalPropertyAttribute Name='Operator' Value='IsEqual' />
            <AdditionalPropertyAttribute Name='Value' Value='LibraryType' />
          </AdditionalProperty>
        </AdditionalProperties>
      </Rule>
      <Rule Name='NF007: Prefix for Instance DB' Type='PrefixSuffixRule' Enabled='True'>
        <RuleAttribute Name='ObjectSelector' Value='InstanceDataBlock' />
        <RuleAttribute Name='Target' Value='TargetName' />
        <RuleAttribute Name='Category' Value='Error' />
        <RuleAttribute Name='Comment' Value='Rule: Single instances DBs get the prefix “Inst” (e.g. InstConveyorFeed). The prefixes make it easier to see if instance data has been accessed (illegally).' />
        <RuleAttribute Name='Context' Value='StartsWith' />
        <RuleAttribute Name='ViolationCondition' Value='IsNotEqual' />
        <RuleAttribute Name='Value' Value='Inst' />
        <RuleAttribute Name='MatchType' Value='CaseSensitive' />
      </Rule>
      <Rule Name='NF007: Prefix for parameter instance' Type='PrefixSuffixRule' Enabled='True'>
        <RuleAttribute Name='ObjectSelector' Value='CodeBlock_Interface_InOut' />
        <RuleAttribute Name='Target' Value='TargetName' />
        <RuleAttribute Name='Category' Value='Error' />
        <RuleAttribute Name='Comment' Value='Rule: Parameter instances carry a prefix "inst" (e.g. instSensor). The prefixes make it easier to see if instance data has been accessed (illegally).' />
        <RuleAttribute Name='Context' Value='StartsWith' />
        <RuleAttribute Name='ViolationCondition' Value='IsNotEqual' />
        <RuleAttribute Name='Value' Value='inst' />
        <RuleAttribute Name='MatchType' Value='CaseSensitive' />
        <AdditionalProperties>
          <AdditionalProperty Name='MemberType'>
            <AdditionalPropertyAttribute Name='Operator' Value='IsEqual' />
            <AdditionalPropertyAttribute Name='Value' Value='BlockInstance' />
          </AdditionalProperty>
        </AdditionalProperties>
      </Rule>
      <Rule Name='NF007: Prefix for parameter instance array' Type='PrefixSuffixRule' Enabled='True'>
        <RuleAttribute Name='ObjectSelector' Value='CodeBlock_Interface_InOut' />
        <RuleAttribute Name='Target' Value='TargetName' />
        <RuleAttribute Name='Category' Value='Error' />
        <RuleAttribute Name='Comment' Value='Rule: Parameter instances carry a prefix "inst" (e.g. instSensors). The prefixes make it easier to see if instance data has been accessed (illegally).' />
        <RuleAttribute Name='Context' Value='StartsWith' />
        <RuleAttribute Name='ViolationCondition' Value='IsNotEqual' />
        <RuleAttribute Name='Value' Value='inst' />
        <RuleAttribute Name='MatchType' Value='CaseSensitive' />
        <AdditionalProperties>
          <AdditionalProperty Name='MemberType'>
            <AdditionalPropertyAttribute Name='Operator' Value='IsEqual' />
            <AdditionalPropertyAttribute Name='Value' Value='ArrayOfBlockInstances' />
          </AdditionalProperty>
        </AdditionalProperties>
      </Rule>
      <Rule Name='NF007: Prefix for Static' Type='PrefixSuffixRule' Enabled='True'>
        <RuleAttribute Name='ObjectSelector' Value='CodeBlock_Interface_Static' />
        <RuleAttribute Name='Target' Value='TargetName' />
        <RuleAttribute Name='Category' Value='Error' />
        <RuleAttribute Name='Comment' Value='Rule: Static variables, excluding multi-instances, carry a prefix "stat" (e.g. statState).' />
        <RuleAttribute Name='Context' Value='StartsWith' />
        <RuleAttribute Name='ViolationCondition' Value='IsNotEqual' />
        <RuleAttribute Name='Value' Value='stat' />
        <RuleAttribute Name='MatchType' Value='CaseSensitive' />
        <AdditionalProperties>
          <AdditionalProperty Name='MemberType'>
            <AdditionalPropertyAttribute Name='Operator' Value='IsNotEqual' />
            <AdditionalPropertyAttribute Name='Value' Value='BlockInstance' />
          </AdditionalProperty>
        </AdditionalProperties>
      </Rule>
      <Rule Name='NF007: Prefix for multi instance' Type='PrefixSuffixRule' Enabled='True'>
        <RuleAttribute Name='ObjectSelector' Value='CodeBlock_Interface_Static' />
        <RuleAttribute Name='Target' Value='TargetName' />
        <RuleAttribute Name='Category' Value='Error' />
        <RuleAttribute Name='Comment' Value='Rule: Multi-instances carry a prefix "inst" (e.g. instSensor). The prefixes make it easier to see if instance data has been accessed (illegally).' />
        <RuleAttribute Name='Context' Value='StartsWith' />
        <RuleAttribute Name='ViolationCondition' Value='IsNotEqual' />
        <RuleAttribute Name='Value' Value='inst' />
        <RuleAttribute Name='MatchType' Value='CaseSensitive' />
        <AdditionalProperties>
          <AdditionalProperty Name='MemberType'>
            <AdditionalPropertyAttribute Name='Operator' Value='IsEqual' />
            <AdditionalPropertyAttribute Name='Value' Value='BlockInstance' />
          </AdditionalProperty>
        </AdditionalProperties>
      </Rule>
      <Rule Name='NF007: Prefix for multi instance array' Type='PrefixSuffixRule' Enabled='True'>
        <RuleAttribute Name='ObjectSelector' Value='CodeBlock_Interface_Static' />
        <RuleAttribute Name='Target' Value='TargetName' />
        <RuleAttribute Name='Category' Value='Error' />
        <RuleAttribute Name='Comment' Value='Rule: Multi instances carry a prefix "inst" (e.g. instSensors). The prefixes make it easier to see if instance data has been accessed (illegally).' />
        <RuleAttribute Name='Context' Value='StartsWith' />
        <RuleAttribute Name='ViolationCondition' Value='IsNotEqual' />
        <RuleAttribute Name='Value' Value='inst' />
        <RuleAttribute Name='MatchType' Value='CaseSensitive' />
        <AdditionalProperties>
          <AdditionalProperty Name='MemberType'>
            <AdditionalPropertyAttribute Name='Operator' Value='IsEqual' />
            <AdditionalPropertyAttribute Name='Value' Value='ArrayOfBlockInstances' />
          </AdditionalProperty>
        </AdditionalProperties>
      </Rule>
      <Rule Name='NF007: Prefix for Temp' Type='PrefixSuffixRule' Enabled='True'>
        <RuleAttribute Name='ObjectSelector' Value='CodeBlock_Interface_Temp' />
        <RuleAttribute Name='Target' Value='TargetName' />
        <RuleAttribute Name='Category' Value='Error' />
        <RuleAttribute Name='Comment' Value='Rule: Temporary variables carry the prefix "temp". This measure makes it easier for the programmer to distinguish between formal parameters and local data.' />
        <RuleAttribute Name='Context' Value='StartsWith' />
        <RuleAttribute Name='ViolationCondition' Value='IsNotEqual' />
        <RuleAttribute Name='Value' Value='temp' />
        <RuleAttribute Name='MatchType' Value='CaseSensitive' />
      </Rule>
      <Rule Name='NF008: UPPER_CASING for Constant' Type='CasingRule' Enabled='True'>
        <RuleAttribute Name='ObjectSelector' Value='CodeBlock_Interface_Constant' />
        <RuleAttribute Name='Target' Value='TargetName' />
        <RuleAttribute Name='Category' Value='Error' />
        <RuleAttribute Name='Comment' Value='Rule: The names for local constants are written completely with capital letters (UPPER_CASING). An underscore shall be used for seperation of words.' />
        <RuleAttribute Name='Casing' Value='UpperCasing' />
        <RuleAttribute Name='ViolationCondition' Value='IsNotSet' />
      </Rule>
      <Rule Name='NF008: UPPER_CASING for PLC Tag table user constant' Type='CasingRule' Enabled='True'>
        <RuleAttribute Name='ObjectSelector' Value='PLCTagTable_Constants' />
        <RuleAttribute Name='Target' Value='TargetName' />
        <RuleAttribute Name='Category' Value='Error' />
        <RuleAttribute Name='Comment' Value='Rule: The names for global user constants are written completely with capital letters (UPPER_CASING). An underscore shall be used for seperation of words.' />
        <RuleAttribute Name='Casing' Value='UpperCasing' />
        <RuleAttribute Name='ViolationCondition' Value='IsNotSet' />
      </Rule>
      <Rule Name='NF010: Maximum length identifier Code block' Type='NameLengthRule' Enabled='True'>
        <RuleAttribute Name='ObjectSelector' Value='CodeBlock_FB_FC_OB' />
        <RuleAttribute Name='Target' Value='TargetName' />
        <RuleAttribute Name='Category' Value='Warning' />
        <RuleAttribute Name='Comment' Value='Recommendation: The overall length of an identifier incl. prefix, suffix or library identifier shall not exceed 24 characters. Since variable names in structures are assembled out of many identifiers, the length of the identifier at the code location will become excessively long anyway.' />
        <RuleAttribute Name='ViolationCondition' Value='GreaterThan' />
        <RuleAttribute Name='Value' Value='24' />
      </Rule>
      <Rule Name='NF010: Maximum length identifier Constant' Type='NameLengthRule' Enabled='True'>
        <RuleAttribute Name='ObjectSelector' Value='CodeBlock_Interface_Constant' />
        <RuleAttribute Name='Target' Value='TargetName' />
        <RuleAttribute Name='Category' Value='Warning' />
        <RuleAttribute Name='Comment' Value='Recommendation: The overall length of an identifier incl. prefix, suffix or library identifier shall not exceed 24 characters. Since variable names in structures are assembled out of many identifiers, the length of the identifier at the code location will become excessively long anyway.' />
        <RuleAttribute Name='ViolationCondition' Value='GreaterThan' />
        <RuleAttribute Name='Value' Value='24' />
      </Rule>
      <Rule Name='NF010: Maximum length identifier PLC data type' Type='NameLengthRule' Enabled='True'>
        <RuleAttribute Name='ObjectSelector' Value='PLCDataType' />
        <RuleAttribute Name='Target' Value='TargetName' />
        <RuleAttribute Name='Category' Value='Warning' />
        <RuleAttribute Name='Comment' Value='Recommendation: The overall length of an identifier incl. prefix, suffix or library identifier shall not exceed 24 characters. Since variable names in structures are assembled out of many identifiers, the length of the identifier at the code location will become excessively long anyway.' />
        <RuleAttribute Name='ViolationCondition' Value='GreaterThan' />
        <RuleAttribute Name='Value' Value='24' />
      </Rule>
      <Rule Name='NF010: Maximum length identifier PLC data type member' Type='NameLengthRule' Enabled='True'>
        <RuleAttribute Name='ObjectSelector' Value='PLCDataType_Member' />
        <RuleAttribute Name='Target' Value='TargetName' />
        <RuleAttribute Name='Category' Value='Warning' />
        <RuleAttribute Name='Comment' Value='Recommendation: The overall length of an identifier incl. prefix, suffix or library identifier shall not exceed 24 characters. Since variable names in structures are assembled out of many identifiers, the length of the identifier at the code location will become excessively long anyway.' />
        <RuleAttribute Name='ViolationCondition' Value='GreaterThan' />
        <RuleAttribute Name='Value' Value='24' />
      </Rule>
      <Rule Name='NF010: Maximum length identifier Global DB' Type='NameLengthRule' Enabled='True'>
        <RuleAttribute Name='ObjectSelector' Value='GlobalDataBlock' />
        <RuleAttribute Name='Target' Value='TargetName' />
        <RuleAttribute Name='Category' Value='Warning' />
        <RuleAttribute Name='Comment' Value='Recommendation: The overall length of an identifier incl. prefix, suffix or library identifier shall not exceed 24 characters. Since variable names in structures are assembled out of many identifiers, the length of the identifier at the code location will become excessively long anyway.' />
        <RuleAttribute Name='ViolationCondition' Value='GreaterThan' />
        <RuleAttribute Name='Value' Value='24' />
      </Rule>
      <Rule Name='NF010: Maximum length identifier Global DB member' Type='NameLengthRule' Enabled='True'>
        <RuleAttribute Name='ObjectSelector' Value='GlobalDataBlock_Static' />
        <RuleAttribute Name='Target' Value='TargetName' />
        <RuleAttribute Name='Category' Value='Warning' />
        <RuleAttribute Name='Comment' Value='Recommendation: The overall length of an identifier incl. prefix, suffix or library identifier shall not exceed 24 characters. Since variable names in structures are assembled out of many identifiers, the length of the identifier at the code location will become excessively long anyway.' />
        <RuleAttribute Name='ViolationCondition' Value='GreaterThan' />
        <RuleAttribute Name='Value' Value='24' />
      </Rule>
      <Rule Name='NF010: Maximum length identifier In, Out, InOut' Type='NameLengthRule' Enabled='True'>
        <RuleAttribute Name='ObjectSelector' Value='CodeBlock_Interface_Input_Output_InOut' />
        <RuleAttribute Name='Target' Value='TargetName' />
        <RuleAttribute Name='Category' Value='Warning' />
        <RuleAttribute Name='Comment' Value='Recommendation: The overall length of an identifier incl. prefix, suffix or library identifier shall not exceed 24 characters. Since variable names in structures are assembled out of many identifiers, the length of the identifier at the code location will become excessively long anyway.' />
        <RuleAttribute Name='ViolationCondition' Value='GreaterThan' />
        <RuleAttribute Name='Value' Value='24' />
      </Rule>
      <Rule Name='NF010: Maximum length identifier Instance DB' Type='NameLengthRule' Enabled='True'>
        <RuleAttribute Name='ObjectSelector' Value='InstanceDataBlock' />
        <RuleAttribute Name='Target' Value='TargetName' />
        <RuleAttribute Name='Category' Value='Warning' />
        <RuleAttribute Name='Comment' Value='Recommendation: The overall length of an identifier incl. prefix, suffix or library identifier shall not exceed 24 characters. Since variable names in structures are assembled out of many identifiers, the length of the identifier at the code location will become excessively long anyway.' />
        <RuleAttribute Name='ViolationCondition' Value='GreaterThan' />
        <RuleAttribute Name='Value' Value='24' />
      </Rule>
      <Rule Name='NF010: Maximum length identifier Static' Type='NameLengthRule' Enabled='True'>
        <RuleAttribute Name='ObjectSelector' Value='CodeBlock_Interface_Static' />
        <RuleAttribute Name='Target' Value='TargetName' />
        <RuleAttribute Name='Category' Value='Warning' />
        <RuleAttribute Name='Comment' Value='Recommendation: The overall length of an identifier incl. prefix, suffix or library identifier shall not exceed 24 characters. Since variable names in structures are assembled out of many identifiers, the length of the identifier at the code location will become excessively long anyway.' />
        <RuleAttribute Name='ViolationCondition' Value='GreaterThan' />
        <RuleAttribute Name='Value' Value='24' />
      </Rule>
      <Rule Name='NF010: Maximum length identifier PLC tag' Type='NameLengthRule' Enabled='True'>
        <RuleAttribute Name='ObjectSelector' Value='PLCTagTable_Tags' />
        <RuleAttribute Name='Target' Value='TargetName' />
        <RuleAttribute Name='Category' Value='Warning' />
        <RuleAttribute Name='Comment' Value='Recommendation: The overall length of an identifier incl. prefix, suffix or library identifier shall not exceed 24 characters. Since variable names in structures are assembled out of many identifiers, the length of the identifier at the code location will become excessively long anyway.' />
        <RuleAttribute Name='ViolationCondition' Value='GreaterThan' />
        <RuleAttribute Name='Value' Value='24' />
      </Rule>
      <Rule Name='NF010: Maximum length identifier PLC tag table' Type='NameLengthRule' Enabled='True'>
        <RuleAttribute Name='ObjectSelector' Value='PLCTagTable' />
        <RuleAttribute Name='Target' Value='TargetName' />
        <RuleAttribute Name='Category' Value='Warning' />
        <RuleAttribute Name='Comment' Value='Recommendation: The overall length of an identifier incl. prefix, suffix or library identifier shall not exceed 24 characters. Since variable names in structures are assembled out of many identifiers, the length of the identifier at the code location will become excessively long anyway.' />
        <RuleAttribute Name='ViolationCondition' Value='GreaterThan' />
        <RuleAttribute Name='Value' Value='24' />
      </Rule>
      <Rule Name='NF010: Maximum length identifier PLC tag table user constant' Type='NameLengthRule' Enabled='True'>
        <RuleAttribute Name='ObjectSelector' Value='PLCTagTable_Constants' />
        <RuleAttribute Name='Target' Value='TargetName' />
        <RuleAttribute Name='Category' Value='Warning' />
        <RuleAttribute Name='Comment' Value='Recommendation: The overall length of an identifier incl. prefix, suffix or library identifier shall not exceed 24 characters. Since variable names in structures are assembled out of many identifiers, the length of the identifier at the code location will become excessively long anyway.' />
        <RuleAttribute Name='ViolationCondition' Value='GreaterThan' />
        <RuleAttribute Name='Value' Value='24' />
      </Rule>
      <Rule Name='NF010: Maximum length identifier Temp' Type='NameLengthRule' Enabled='True'>
        <RuleAttribute Name='ObjectSelector' Value='CodeBlock_Interface_Temp' />
        <RuleAttribute Name='Target' Value='TargetName' />
        <RuleAttribute Name='Category' Value='Warning' />
        <RuleAttribute Name='Comment' Value='Recommendation: The overall length of an identifier incl. prefix, suffix or library identifier shall not exceed 24 characters. Since variable names in structures are assembled out of many identifiers, the length of the identifier at the code location will become excessively long anyway.' />
        <RuleAttribute Name='ViolationCondition' Value='GreaterThan' />
        <RuleAttribute Name='Value' Value='24' />
      </Rule>
      <Rule Name='SE003/DA003: Automatic ENO for Code block' Type='MetaDataRule' Enabled='True'>
        <RuleAttribute Name='ObjectSelector' Value='CodeBlock_FB_FC_OB' />
        <RuleAttribute Name='Target' Value='TargetProperty' />
        <RuleAttribute Name='Category' Value='Error' />
        <RuleAttribute Name='Comment' Value='Rule: The use of the EN/ ENO mechanism avoids unexpected program interruptions. The block status is passed on in the format of a Boolean variable. ' />
        <RuleAttribute Name='Property' Value='SetENOAutomatically' />
        <RuleAttribute Name='ViolationCondition' Value='IsNotSet' />
        <RuleAttribute Name='Value' Value='' />
      </Rule>
      <Rule Name='SE004: HMI/ OPC UA/ Web API accessability is set for PLC data type' Type='MetaDataRule' Enabled='True'>
        <RuleAttribute Name='ObjectSelector' Value='PLCDataType_Member' />
        <RuleAttribute Name='Target' Value='TargetProperty' />
        <RuleAttribute Name='Category' Value='Error' />
        <RuleAttribute Name='Comment' Value='Rule: In general, the accessibility via HMI/ OPC UA/ Web API must at least be activated in the editor for PLC data types to allow accesses. When using the PLC data type the access to it must be adjusted in the block interface accordingly.' />
        <RuleAttribute Name='Property' Value='AccessibleFromHMIOPCUA' />
        <RuleAttribute Name='ViolationCondition' Value='IsNotSet' />
        <RuleAttribute Name='Value' Value='' />
      </Rule>
      <Rule Name='SE004: HMI/ OPC UA/ Web API accessability is set for Static' Type='MetaDataRule' Enabled='True'>
        <RuleAttribute Name='ObjectSelector' Value='CodeBlock_Interface_Static' />
        <RuleAttribute Name='Target' Value='TargetProperty' />
        <RuleAttribute Name='Category' Value='Error' />
        <RuleAttribute Name='Comment' Value='Rule: The access to static variables of a FB is not permitted. Formal paramters for read or write access must be created.' />
        <RuleAttribute Name='Property' Value='AccessibleFromHMIOPCUA' />
        <RuleAttribute Name='ViolationCondition' Value='IsSet' />
        <RuleAttribute Name='Value' Value='' />
      </Rule>
      <Rule Name='SE004: HMI/ OPC UA/ Web API visibility is set for Static' Type='MetaDataRule' Enabled='True'>
        <RuleAttribute Name='ObjectSelector' Value='CodeBlock_Interface_Static' />
        <RuleAttribute Name='Target' Value='TargetProperty' />
        <RuleAttribute Name='Category' Value='Error' />
        <RuleAttribute Name='Comment' Value='Rule: The access to static variables of a FB is not permitted. Formal paramters for read or write access must be created.' />
        <RuleAttribute Name='Property' Value='VisibleinHMIEngineering' />
        <RuleAttribute Name='ViolationCondition' Value='IsSet' />
        <RuleAttribute Name='Value' Value='' />
      </Rule>
      <Rule Name='SE004: HMI/ OPC UA/ Web API writability is set for Static' Type='MetaDataRule' Enabled='True'>
        <RuleAttribute Name='ObjectSelector' Value='CodeBlock_Interface_Static' />
        <RuleAttribute Name='Target' Value='TargetProperty' />
        <RuleAttribute Name='Category' Value='Error' />
        <RuleAttribute Name='Comment' Value='Rule: The access to static variables of a FB is not permitted. Formal paramters for read or write access must be created.' />
        <RuleAttribute Name='Property' Value='WritableFromHMIOPCUA' />
        <RuleAttribute Name='ViolationCondition' Value='IsSet' />
        <RuleAttribute Name='Value' Value='' />
      </Rule>
      <Rule Name='SE004: HMI/ OPC UA/ Web API accessability is set selectively for In, Out, InOut' Type='MetaDataRule' Enabled='True'>
        <RuleAttribute Name='ObjectSelector' Value='CodeBlock_Interface_Input_Output_InOut' />
        <RuleAttribute Name='Target' Value='TargetProperty' />
        <RuleAttribute Name='Category' Value='Warning' />
        <RuleAttribute Name='Comment' Value='Rule: Per default the access to formal parameters per HMI/ OPC UA/ Web API shall be disabled. Enable it selectively.' />
        <RuleAttribute Name='Property' Value='AccessibleFromHMIOPCUA' />
        <RuleAttribute Name='ViolationCondition' Value='IsSet' />
        <RuleAttribute Name='Value' Value='' />
      </Rule>
      <Rule Name='SE004: HMI/ OPC UA/ Web API visibility is set selectively for In, Out, InOut' Type='MetaDataRule' Enabled='True'>
        <RuleAttribute Name='ObjectSelector' Value='CodeBlock_Interface_Input_Output_InOut' />
        <RuleAttribute Name='Target' Value='TargetProperty' />
        <RuleAttribute Name='Category' Value='Warning' />
        <RuleAttribute Name='Comment' Value='Rule: Per default the access to formal parameters per HMI/ OPC UA/ Web API shall be disabled. Enable it selectively.' />
        <RuleAttribute Name='Property' Value='VisibleinHMIEngineering' />
        <RuleAttribute Name='ViolationCondition' Value='IsSet' />
        <RuleAttribute Name='Value' Value='' />
      </Rule>
      <Rule Name='SE004: HMI/ OPC UA/ Web API writability is set selectively for In, Out, InOut' Type='MetaDataRule' Enabled='True'>
        <RuleAttribute Name='ObjectSelector' Value='CodeBlock_Interface_Input_Output_InOut' />
        <RuleAttribute Name='Target' Value='TargetProperty' />
        <RuleAttribute Name='Category' Value='Warning' />
        <RuleAttribute Name='Comment' Value='Rule: Per default the access to formal parameters per HMI/ OPC UA/ Web API shall be disabled. Enable it selectively.' />
        <RuleAttribute Name='Property' Value='WritableFromHMIOPCUA' />
        <RuleAttribute Name='ViolationCondition' Value='IsSet' />
        <RuleAttribute Name='Value' Value='' />
      </Rule>
      <Rule Name='SE004: HMI/ OPC UA/ Web API accessability is set selectively  for Global DB member' Type='MetaDataRule' Enabled='True'>
        <RuleAttribute Name='ObjectSelector' Value='GlobalDataBlock_Static' />
        <RuleAttribute Name='Target' Value='TargetProperty' />
        <RuleAttribute Name='Category' Value='Warning' />
        <RuleAttribute Name='Comment' Value='Rule: Per default the access to data block members per HMI/ OPC UA/ Web API shall be disabled. Enable it selectively.' />
        <RuleAttribute Name='Property' Value='AccessibleFromHMIOPCUA' />
        <RuleAttribute Name='ViolationCondition' Value='IsSet' />
        <RuleAttribute Name='Value' Value='' />
      </Rule>
      <Rule Name='SE004: HMI/ OPC UA/ Web API visibility is set selectively for Global DB member' Type='MetaDataRule' Enabled='True'>
        <RuleAttribute Name='ObjectSelector' Value='GlobalDataBlock_Static' />
        <RuleAttribute Name='Target' Value='TargetProperty' />
        <RuleAttribute Name='Category' Value='Warning' />
        <RuleAttribute Name='Comment' Value='Rule: Per default the access to data block members per HMI/ OPC UA/ Web API shall be disabled. Enable it selectively.' />
        <RuleAttribute Name='Property' Value='VisibleinHMIEngineering' />
        <RuleAttribute Name='ViolationCondition' Value='IsSet' />
        <RuleAttribute Name='Value' Value='' />
      </Rule>
      <Rule Name='SE004: HMI/ OPC UA/ Web API writability is set selectively for Global DB member' Type='MetaDataRule' Enabled='True'>
        <RuleAttribute Name='ObjectSelector' Value='GlobalDataBlock_Static' />
        <RuleAttribute Name='Target' Value='TargetProperty' />
        <RuleAttribute Name='Category' Value='Warning' />
        <RuleAttribute Name='Comment' Value='Rule: Per default the access to data block members per HMI/ OPC UA/ Web API shall be disabled. Enable it selectively.' />
        <RuleAttribute Name='Property' Value='WritableFromHMIOPCUA' />
        <RuleAttribute Name='ViolationCondition' Value='IsSet' />
        <RuleAttribute Name='Value' Value='' />
      </Rule>
      <Rule Name='SE004: OPC UA accessability is set selectively for Global DB' Type='MetaDataRule' Enabled='True'>
        <RuleAttribute Name='ObjectSelector' Value='GlobalDataBlock' />
        <RuleAttribute Name='Target' Value='TargetProperty' />
        <RuleAttribute Name='Category' Value='Warning' />
        <RuleAttribute Name='Comment' Value='Rule: Per default the access to a data block via OPC UA shall be disabled. Enable it selectively.' />
        <RuleAttribute Name='Property' Value='DBAccessibleFromOPCUA' />
        <RuleAttribute Name='ViolationCondition' Value='IsSet' />
        <RuleAttribute Name='Value' Value='' />
      </Rule>
      <Rule Name='SE004: OPC UA accessability is set selectively for Instance DB' Type='MetaDataRule' Enabled='True'>
        <RuleAttribute Name='ObjectSelector' Value='InstanceDataBlock' />
        <RuleAttribute Name='Target' Value='TargetProperty' />
        <RuleAttribute Name='Category' Value='Warning' />
        <RuleAttribute Name='Comment' Value='Rule: Per default the access to a data block via OPC UA shall be disabled. Enable it selectively.' />
        <RuleAttribute Name='Property' Value='DBAccessibleFromOPCUA' />
        <RuleAttribute Name='ViolationCondition' Value='IsSet' />
        <RuleAttribute Name='Value' Value='' />
      </Rule>
      <Rule Name='DA003: Auto numbering Code block' Type='MetaDataRule' Enabled='True'>
        <RuleAttribute Name='ObjectSelector' Value='CodeBlock_FB_FC_OB' />
        <RuleAttribute Name='Target' Value='TargetProperty' />
        <RuleAttribute Name='Category' Value='Error' />
        <RuleAttribute Name='Comment' Value='Rule: Blocks (OB, FC, FB, DB, TO) shall only be delivered with auto numbering turned on. Be aware that the execution of an Organization blocks depends on its number/ priority.' />
        <RuleAttribute Name='Property' Value='AutomaticNumbering' />
        <RuleAttribute Name='ViolationCondition' Value='IsNotSet' />
        <RuleAttribute Name='Value' Value='' />
      </Rule>
      <Rule Name='DA003: Auto numbering Global DB' Type='MetaDataRule' Enabled='True'>
        <RuleAttribute Name='ObjectSelector' Value='GlobalDataBlock' />
        <RuleAttribute Name='Target' Value='TargetProperty' />
        <RuleAttribute Name='Category' Value='Error' />
        <RuleAttribute Name='Comment' Value='Rule: Blocks (OB, FC, FB, DB, TO) shall only be delivered with auto numbering turned on. Be aware that the execution of an Organization blocks depends on its number/ priority.' />
        <RuleAttribute Name='Property' Value='AutomaticNumbering' />
        <RuleAttribute Name='ViolationCondition' Value='IsNotSet' />
        <RuleAttribute Name='Value' Value='' />
      </Rule>
      <Rule Name='DA003: Auto numbering Instance DB' Type='MetaDataRule' Enabled='True'>
        <RuleAttribute Name='ObjectSelector' Value='InstanceDataBlock' />
        <RuleAttribute Name='Target' Value='TargetProperty' />
        <RuleAttribute Name='Category' Value='Error' />
        <RuleAttribute Name='Comment' Value='Rule: Blocks (OB, FC, FB, DB, TO) shall only be delivered with auto numbering turned on. Be aware that the execution of an Organization blocks depends on its number/ priority.' />
        <RuleAttribute Name='Property' Value='AutomaticNumbering' />
        <RuleAttribute Name='ViolationCondition' Value='IsNotSet' />
        <RuleAttribute Name='Value' Value='' />
      </Rule>
      <Rule Name='DA003: IEC check Code block' Type='MetaDataRule' Enabled='True'>
        <RuleAttribute Name='ObjectSelector' Value='CodeBlock_FB_FC_OB' />
        <RuleAttribute Name='Target' Value='TargetProperty' />
        <RuleAttribute Name='Category' Value='Error' />
        <RuleAttribute Name='Comment' Value='Rule: To ensure the IEC conformant programming, the IEC check must be turned on. Only this way a type conformant and type safe programming can be ensured.' />
        <RuleAttribute Name='Property' Value='IECCheck' />
        <RuleAttribute Name='ViolationCondition' Value='IsNotSet' />
        <RuleAttribute Name='Value' Value='' />
      </Rule>
      <Rule Name='DA003: Optimized access Code block' Type='MetaDataRule' Enabled='True'>
        <RuleAttribute Name='ObjectSelector' Value='CodeBlock_FB_FC_OB' />
        <RuleAttribute Name='Target' Value='TargetProperty' />
        <RuleAttribute Name='Category' Value='Error' />
        <RuleAttribute Name='Comment' Value='Rule: For full symbolic programming and the maximum performance, the optimized access to blocks must be activated.' />
        <RuleAttribute Name='Property' Value='OptimizedBlockAccess' />
        <RuleAttribute Name='ViolationCondition' Value='IsNotSet' />
        <RuleAttribute Name='Value' Value='' />
      </Rule>
      <Rule Name='DA003: Optimized access Global DB' Type='MetaDataRule' Enabled='True'>
        <RuleAttribute Name='ObjectSelector' Value='GlobalDataBlock' />
        <RuleAttribute Name='Target' Value='TargetProperty' />
        <RuleAttribute Name='Category' Value='Error' />
        <RuleAttribute Name='Comment' Value='Rule: For full symbolic programming and the maximum performance, the optimized access to blocks must be activated.' />
        <RuleAttribute Name='Property' Value='OptimizedBlockAccess' />
        <RuleAttribute Name='ViolationCondition' Value='IsNotSet' />
        <RuleAttribute Name='Value' Value='' />
      </Rule>
      <Rule Name='DA003: Optimized access Instance DB' Type='MetaDataRule' Enabled='True'>
        <RuleAttribute Name='ObjectSelector' Value='InstanceDataBlock' />
        <RuleAttribute Name='Target' Value='TargetProperty' />
        <RuleAttribute Name='Category' Value='Error' />
        <RuleAttribute Name='Comment' Value='Rule: For full symbolic programming and the maximum performance, the optimized access to blocks must be activated.' />
        <RuleAttribute Name='Property' Value='OptimizedBlockAccess' />
        <RuleAttribute Name='ViolationCondition' Value='IsNotSet' />
        <RuleAttribute Name='Value' Value='' />
      </Rule>
      <Rule Name='AL001/DA003: Multi-instance capability for Code block' Type='MetaDataRule' Enabled='True'>
        <RuleAttribute Name='ObjectSelector' Value='CodeBlock_FB_FC_OB' />
        <RuleAttribute Name='Target' Value='TargetProperty' />
        <RuleAttribute Name='Category' Value='Error' />
        <RuleAttribute Name='Comment' Value='Rule: In the program multi-instances shall be preferably used instead of single instances. With this method the creation of encapsulated modules in the form of a function block becomes possible. No additional instances in upper level structures or global structures become necessary, thus reducing the number of objects. (Refer to Rule AL001)' />
        <RuleAttribute Name='Property' Value='MultipleInstanceCapability' />
        <RuleAttribute Name='ViolationCondition' Value='IsNotSet' />
        <RuleAttribute Name='Value' Value='' />
      </Rule>
      <Rule Name='PE005: Avoid formal parameter "mode"' Type='PrefixSuffixRule' Enabled='True'>
        <RuleAttribute Name='ObjectSelector' Value='CodeBlock_Interface_Input_Output_InOut' />
        <RuleAttribute Name='Target' Value='TargetName' />
        <RuleAttribute Name='Category' Value='Warning' />
        <RuleAttribute Name='Comment' Value='Recommendation: This prevents code fragments that are not are needed (“dead code”), since the mode parameter is usually connected statically. Instead, you should distribute the functionalities to individual modules.' />
        <RuleAttribute Name='Context' Value='StartsWith' />
        <RuleAttribute Name='ViolationCondition' Value='IsEqual' />
        <RuleAttribute Name='Value' Value='mode' />
        <RuleAttribute Name='MatchType' Value='CaseInsensitive' />
      </Rule>
    </Rules>
  </RuleSet>
</RuleSets>